{
  "momentum_drift_curve": [
    0.7670686076143802,
    0.7670686076143802,
    0.7670686076143802,
    0.7670686076143802,
    0.7670686076143802,
    0.7670686076143802,
    0.7670686076143802,
    0.7670686076143802,
    0.7670686076143802,
    0.7670686076143802,
    0.7670686076143802,
    0.7670686076143802,
    0.7670686076143802,
    0.7670686076143802,
    0.7670686076143802,
    0.7670686076143802,
    0.7670686076143802,
    0.7670686076143802,
    0.7670686076143802,
    0.7670686076143802,
    0.7670686076143802,
    0.7670686076143802,
    0.7670686076143802,
    0.7670686076143802,
    0.7670686076143802,
    0.7670686076143802,
    0.7670686076143802,
    0.7670686076143802,
    0.7670686076143802,
    0.7670686076143802
  ],
  "ke_drift_curve": [
    0.7999999999960712,
    0.7999999999960712,
    0.7999999999960712,
    0.7999999999960712,
    0.7999999999960712,
    0.7999999999960712,
    0.7999999999960712,
    0.7999999999960712,
    0.7999999999960712,
    0.7999999999960712,
    0.7999999999960712,
    0.7999999999960712,
    0.7999999999960712,
    0.7999999999960712,
    0.7999999999960712,
    0.7999999999960712,
    0.7999999999960712,
    0.7999999999960712,
    0.7999999999960712,
    0.7999999999960712,
    0.7999999999960712,
    0.7999999999960712,
    0.7999999999960712,
    0.7999999999960712,
    0.7999999999960712,
    0.7999999999960712,
    0.7999999999960712,
    0.7999999999960712,
    0.7999999999960712,
    0.7999999999960712
  ]
}